pv_kWp,batt_kWh,annual_pv_kwh,annual_demand,grid_import_kwh,unmet_hours,soc_hist,grid_import_series,grid_export_series,charge_hist,discharge_hist
469.0,0,1376178.6424764788,2649175.0,1363357.5370720827,7929,[0. 0. 0. ... 0. 0. 0.],"[ 47.82898723  47.71375319  47.37470795 ... 124.64138794 130.30820788
  41.36808573]",[0. 0. 0. ... 0. 0. 0.],[0. 0. 0. ... 0. 0. 0.],[0. 0. 0. ... 0. 0. 0.]
469.0,500,1376178.6424764788,2649175.0,1297707.171826284,7496,"[199.58382072 149.28910878  99.35178191 ...  25.          25.
  25.        ]","[  0.           0.           0.         ... 124.64138794 130.30820788
  41.36808573]",[0. 0. 0. ... 0. 0. 0.],[0. 0. 0. ... 0. 0. 0.],"[47.82898723 47.71375319 47.37470795 ...  0.          0.
  0.        ]"
469.0,900,1376178.6424764788,2649175.0,1281648.2587426668,7403,"[399.58382072 349.28910878 299.35178191 ...  45.          45.
  45.        ]","[  0.           0.           0.         ... 124.64138794 130.30820788
  41.36808573]",[0. 0. 0. ... 0. 0. 0.],[0. 0. 0. ... 0. 0. 0.],"[47.82898723 47.71375319 47.37470795 ...  0.          0.
  0.        ]"
469.0,1200,1376178.6424764788,2649175.0,1281520.1864974299,7402,"[549.58382072 499.28910878 449.35178191 ...  60.          60.
  60.        ]","[  0.           0.           0.         ... 124.64138794 130.30820788
  41.36808573]",[0. 0. 0. ... 0. 0. 0.],[0. 0. 0. ... 0. 0. 0.],"[47.82898723 47.71375319 47.37470795 ...  0.          0.
  0.        ]"
469.0,2000,1376178.6424764788,2649175.0,1281178.6605101316,7402,"[949.58382072 899.28910878 849.35178191 ... 100.         100.
 100.        ]","[  0.           0.           0.         ... 124.64138794 130.30820788
  41.36808573]",[0. 0. 0. ... 0. 0. 0.],[0. 0. 0. ... 0. 0. 0.],"[47.82898723 47.71375319 47.37470795 ...  0.          0.
  0.        ]"
469.0,3000,1376178.6424764788,2649175.0,1280751.753026009,7401,"[1449.58382072 1399.28910878 1349.35178191 ...  150.          150.
  150.        ]","[  0.           0.           0.         ... 124.64138794 130.30820788
  41.36808573]",[0. 0. 0. ... 0. 0. 0.],[0. 0. 0. ... 0. 0. 0.],"[47.82898723 47.71375319 47.37470795 ...  0.          0.
  0.        ]"
703.5,0,2064267.9637147181,2649175.0,1013159.0776420913,7223,[0. 0. 0. ... 0. 0. 0.],"[ 47.80487536  47.6320243   47.12345644 ... 119.61747582 128.11770572
  40.50185464]",[0. 0. 0. ... 0. 0. 0.],[0. 0. 0. ... 0. 0. 0.],[0. 0. 0. ... 0. 0. 0.]
703.5,500,2064267.9637147181,2649175.0,911224.6367238769,6300,"[199.60923687 149.40067475  99.72819023 ...  25.          25.
  25.        ]","[  0.           0.           0.         ... 119.61747582 128.11770572
  40.50185464]",[0. 0. 0. ... 0. 0. 0.],[0. 0. 0. ... 0. 0. 0.],"[47.80487536 47.6320243  47.12345644 ...  0.          0.
  0.        ]"
703.5,900,2064267.9637147181,2649175.0,837936.6877056719,5165,"[399.60923687 349.40067475 299.72819023 ...  45.          45.
  45.        ]","[  0.           0.           0.         ... 119.61747582 128.11770572
  40.50185464]",[0. 0. 0. ... 0. 0. 0.],[0. 0. 0. ... 0. 0. 0.],"[47.80487536 47.6320243  47.12345644 ...  0.          0.
  0.        ]"
703.5,1200,2064267.9637147181,2649175.0,788332.6843043999,4497,"[549.60923687 499.40067475 449.72819023 ...  60.          60.
  60.        ]","[  0.           0.           0.         ... 119.61747582 128.11770572
  40.50185464]",[0. 0. 0. ... 0. 0. 0.],[0. 0. 0. ... 0. 0. 0.],"[47.80487536 47.6320243  47.12345644 ...  0.          0.
  0.        ]"
703.5,2000,2064267.9637147181,2649175.0,684654.9262161239,4129,"[949.60923687 899.40067475 849.72819023 ... 100.         100.
 100.        ]","[  0.           0.           0.         ... 119.61747582 128.11770572
  40.50185464]",[0. 0. 0. ... 0. 0. 0.],[0. 0. 0. ... 0. 0. 0.],"[47.80487536 47.6320243  47.12345644 ...  0.          0.
  0.        ]"
703.5,3000,2064267.9637147181,2649175.0,681868.1909844424,4118,"[1449.60923687 1399.40067475 1349.72819023 ...  150.          150.
  150.        ]","[  0.           0.           0.         ... 119.61747582 128.11770572
  40.50185464]",[0. 0. 0. ... 0. 0. 0.],[0. 0. 0. ... 0. 0. 0.],"[47.80487536 47.6320243  47.12345644 ...  0.          0.
  0.        ]"
938.0,0,2752357.2849529576,2649175.0,773327.2395911408,6254,[0. 0. 0. ... 0. 0. 0.],"[ 47.78076348  47.5502954   46.87220492 ... 114.59356369 125.92720356
  39.63562355]",[0. 0. 0. ... 0. 0. 0.],[0. 0. 0. ... 0. 0. 0.],[0. 0. 0. ... 0. 0. 0.]
938.0,500,2752357.2849529576,2649175.0,643338.6427750562,4998,"[199.63465302 149.51224072 100.10459855 ...  25.          25.
  25.        ]","[  0.           0.           0.         ... 114.59356369 125.92720356
  39.63562355]",[0. 0. 0. ... 0. 0. 0.],[0. 0. 0. ... 0. 0. 0.],"[47.78076348 47.5502954  46.87220492 ...  0.          0.
  0.        ]"
938.0,900,2752357.2849529576,2649175.0,554861.8969888552,3588,"[399.63465302 349.51224072 300.10459855 ...  45.          45.
  45.        ]","[  0.           0.           0.         ... 114.59356369 125.92720356
  39.63562355]",[0. 0. 0. ... 0. 0. 0.],[0. 0. 0. ... 0. 0. 0.],"[47.78076348 47.5502954  46.87220492 ...  0.          0.
  0.        ]"
938.0,1200,2752357.2849529576,2649175.0,492653.74932879343,3275,"[549.63465302 499.51224072 450.10459855 ...  60.          60.
  60.        ]","[  0.           0.           0.         ... 114.59356369 125.92720356
  39.63562355]",[0. 0. 0. ... 0. 0. 0.],[0. 0. 0. ... 0. 0. 0.],"[47.78076348 47.5502954  46.87220492 ...  0.          0.
  0.        ]"
938.0,2000,2752357.2849529576,2649175.0,425351.23460375256,2848,"[949.63465302 899.51224072 850.10459855 ... 100.         100.
 100.        ]","[  0.           0.           0.         ... 114.59356369 125.92720356
  39.63562355]",[0. 0. 0. ... 0. 0. 0.],[0. 0. 0. ... 0. 0. 0.],"[47.78076348 47.5502954  46.87220492 ...  0.          0.
  0.        ]"
938.0,3000,2752357.2849529576,2649175.0,423154.3847433163,2844,"[1449.63465302 1399.51224072 1350.10459855 ...  150.          150.
  150.        ]","[  0.           0.           0.         ... 114.59356369 125.92720356
  39.63562355]",[0. 0. 0. ... 0. 0. 0.],[0. 0. 0. ... 0. 0. 0.],"[47.78076348 47.5502954  46.87220492 ...  0.          0.
  0.        ]"
1172.5,0,3440446.606191197,2649175.0,618295.9869107767,5674,[0. 0. 0. ... 0. 0. 0.],"[ 47.75665161  47.46856651  46.62095341 ... 109.56965157 123.73670141
  38.76939247]",[0. 0. 0. ... 0. 0. 0.],[0. 0. 0. ... 0. 0. 0.],[0. 0. 0. ... 0. 0. 0.]
1172.5,500,3440446.606191197,2649175.0,464694.8865999956,3778,"[199.66006917 149.62380669 100.48100687 ...  25.          25.
  25.        ]","[  0.           0.           0.         ... 109.56965157 123.73670141
  38.76939247]",[0. 0. 0. ... 0. 0. 0.],[0. 0. 0. ... 0. 0. 0.],"[47.75665161 47.46856651 46.62095341 ...  0.          0.
  0.        ]"
1172.5,900,3440446.606191197,2649175.0,358906.6647363963,2559,"[399.66006917 349.62380669 300.48100687 ...  45.          45.
  45.        ]","[  0.           0.           0.         ... 109.56965157 123.73670141
  38.76939247]",[0. 0. 0. ... 0. 0. 0.],[0. 0. 0. ... 0. 0. 0.],"[47.75665161 47.46856651 46.62095341 ...  0.          0.
  0.        ]"
1172.5,1200,3440446.606191197,2649175.0,305545.33115176065,2044,"[549.66006917 499.62380669 450.48100687 ...  60.          60.
  60.        ]","[  0.           0.           0.         ... 109.56965157 123.73670141
  38.76939247]",[0. 0. 0. ... 0. 0. 0.],[0. 0. 0. ... 0. 0. 0.],"[47.75665161 47.46856651 46.62095341 ...  0.          0.
  0.        ]"
1172.5,2000,3440446.606191197,2649175.0,266826.8060906441,1830,"[949.66006917 899.62380669 850.48100687 ... 100.         100.
 100.        ]","[  0.           0.           0.         ... 109.56965157 123.73670141
  38.76939247]",[0. 0. 0. ... 0. 0. 0.],[0. 0. 0. ... 0. 0. 0.],"[47.75665161 47.46856651 46.62095341 ...  0.          0.
  0.        ]"
1172.5,3000,3440446.606191197,2649175.0,259803.04475564614,1794,"[1449.66006917 1399.62380669 1350.48100687 ...  150.          150.
  150.        ]","[  0.           0.           0.         ... 109.56965157 123.73670141
  38.76939247]",[0. 0. 0. ... 0. 0. 0.],[0. 0. 0. ... 0. 0. 0.],"[47.75665161 47.46856651 46.62095341 ...  0.          0.
  0.        ]"
1407.0,0,4128535.9274294362,2649175.0,499573.3405030207,5094,[0. 0. 0. ... 0. 0. 0.],"[ 47.73253973  47.38683761  46.36970189 ... 104.54573944 121.54619925
  37.90316138]",[0. 0. 0. ... 0. 0. 0.],[0. 0. 0. ... 0. 0. 0.],[0. 0. 0. ... 0. 0. 0.]
1407.0,500,4128535.9274294362,2649175.0,335008.2315052047,2768,"[199.68548532 149.73537266 100.85741519 ...  25.          25.
  25.        ]","[  0.           0.           0.         ... 104.54573944 121.54619925
  37.90316138]",[0. 0. 0. ... 0. 0. 0.],[0. 0. 0. ... 0. 0. 0.],"[47.73253973 47.38683761 46.36970189 ...  0.          0.
  0.        ]"
1407.0,900,4128535.9274294362,2649175.0,238031.36348193654,1612,"[399.68548532 349.73537266 300.85741519 ... 247.11197673 118.9910332
  79.03759304]",[0. 0. 0. ... 0. 0. 0.],[0. 0. 0. ... 0. 0. 0.],[0. 0. 0. ... 0. 0. 0.],"[ 47.73253973  47.38683761  46.36970189 ... 104.54573944 121.54619925
  37.90316138]"
1407.0,1200,4128535.9274294362,2649175.0,199100.68764490145,1169,"[549.68548532 499.73537266 450.85741519 ... 345.14184984 217.02090632
 177.06746616]",[0. 0. 0. ... 0. 0. 0.],[0. 0. 0. ... 0. 0. 0.],[0. 0. 0. ... 0. 0. 0.],"[ 47.73253973  47.38683761  46.36970189 ... 104.54573944 121.54619925
  37.90316138]"
1407.0,2000,4128535.9274294362,2649175.0,146937.8926264488,957,"[949.68548532 899.73537266 850.85741519 ... 385.14184984 257.02090632
 217.06746616]",[0. 0. 0. ... 0. 0. 0.],[0. 0. 0. ... 0. 0. 0.],[0. 0. 0. ... 0. 0. 0.],"[ 47.73253973  47.38683761  46.36970189 ... 104.54573944 121.54619925
  37.90316138]"
1407.0,3000,4128535.9274294362,2649175.0,144978.99985098437,924,"[1449.68548532 1399.73537266 1350.85741519 ...  435.14184984  307.02090632
  267.06746616]",[0. 0. 0. ... 0. 0. 0.],[0. 0. 0. ... 0. 0. 0.],[0. 0. 0. ... 0. 0. 0.],"[ 47.73253973  47.38683761  46.36970189 ... 104.54573944 121.54619925
  37.90316138]"
