p_from_mw,q_from_mvar,p_to_mw,q_to_mvar,pl_mw,ql_mvar,i_from_ka,i_to_ka,i_ka,vm_from_pu,va_from_degree,vm_to_pu,va_to_degree,loading_percent
2383.623682238347,419.37475864642425,-2382.9041663100356,-511.4092094951856,0.7195159283114663,-92.03445084876137,3.3671580279436872,3.392963842251825,3.392963842251825,1.0374648801978419,8.280280217922412,1.0367762122433584,8.174038826201949,21.15314116117098
2383.623682238347,419.37475864642425,-2382.9041663100356,-511.4092094951856,0.7195159283114663,-92.03445084876137,3.3671580279436872,3.392963842251825,3.392963842251825,1.0374648801978419,8.280280217922412,1.0367762122433584,8.174038826201949,21.15314116117098
-743.0153321705592,136.6785651192119,743.4065068662508,-419.21875067350334,0.3911746956915749,-282.54018555429144,1.051066048907533,1.189289882655686,1.189289882655686,1.0374648801978419,8.280280217922412,1.0358000047627418,8.606698747760474,12.98351400279133
-1102.2229545664575,348.3920592013467,1102.8655674093773,-498.5810228747692,0.6426128429197888,-150.1889636734225,1.6082497314108635,1.6865794116216586,1.6865794116216586,1.0374648801978419,8.280280217922412,1.0358000047627418,8.606698747760474,18.41243899150282
-10031.64986168494,33.404107899978044,10055.638248531655,111.09061801481062,23.988386846715002,144.49472591478866,13.998993581408074,13.998440497532076,13.998993581408074,1.0343257577818488,6.812569299952194,1.0368975969669143,8.220658071671394,109.70998104551784
-1733.8613963114506,91.55707051003876,1734.965960544243,-206.78220507511378,1.104564232792427,-115.22513456507502,2.4229311269904317,2.4378554176814697,2.4378554176814697,1.0343257577818488,6.812569299952194,1.034487602527995,7.132617414388834,30.321584797033207
-1733.8613963114506,91.55707051003876,1734.965960544243,-206.78220507511378,1.104564232792427,-115.22513456507502,2.4229311269904317,2.4378554176814697,2.4378554176814697,1.0343257577818488,6.812569299952194,1.034487602527995,7.132617414388834,30.321584797033207
-10031.64986168494,33.404107899978044,10055.638248531655,111.09061801481062,23.988386846715002,144.49472591478866,13.998993581408074,13.998440497532076,13.998993581408074,1.0343257577818488,6.812569299952194,1.0368975969669143,8.220658071671394,109.70998104551784
24153.10509420406,754.4967909233761,-24050.865152923736,624.8564483969926,102.23994128032427,1379.3532393203686,34.04493413163845,34.045242838013166,34.045242838013166,1.024499255134359,3.4703759233169107,1.02,0.0,245.9916390029853
24049.443401874665,-562.8083842269505,-23875.8163452175,1685.3745211475389,173.62705665716567,1122.5661369205884,33.89156738961717,33.87012199584787,33.89156738961717,1.024499255134359,3.4703759233169107,1.02,0.0,244.88126726602002
-4623.070007085363,-256.4807342755346,4633.538103155892,152.2216920913981,10.4680960705291,-104.25904218413649,6.523272580046899,6.505884216299447,6.523272580046899,1.024499255134359,3.4703759233169107,1.0285372450388812,5.635728246561758,91.10715893920249
-4620.586730014914,-86.11243425764746,4633.0987273569835,215.05224175895307,12.511997342069662,128.9398075013056,6.510888659156543,6.508759909660631,6.510888659156543,1.024499255134359,3.4703759233169107,1.0285372450388812,5.635728246561758,117.95088150645911
-7777.219732402069,-272.73444386254664,7800.3427980858905,29.181873072919984,23.12306568382155,-243.55257078962666,10.963746498977825,10.950222185959937,10.963746498977825,1.024499255134359,3.4703759233169107,1.0281895319100782,5.315024516983811,182.72910831629707
-7542.691166667919,-457.7862109529873,7559.370924467284,191.19132321435353,16.67975779936478,-266.59488773863376,10.646147400003729,10.615262065110663,10.646147400003729,1.024499255134359,3.4703759233169107,1.0281895319100782,5.315024516983811,177.43579000006216
-918.7392649431749,25.411881737937456,919.0325952897924,-183.77040391076895,0.2933303466174948,-158.3585221728315,1.2947561919546249,1.3204198273042074,1.3204198273042074,1.0245890896303658,3.2655645118786536,1.024499255134359,3.4703759233169107,7.384898362998923
17675.50309844764,381.5325714693041,-17592.865176291598,501.8327957645233,82.6379221560419,883.3653672338274,24.905920067348703,24.905335529347067,24.905920067348703,1.0245890896303658,3.2655645118786536,1.02,0.0,179.95606985078544
17638.56040775288,-85.59311501158584,-17530.757653305776,925.5078363554611,107.80275444710423,839.9147213438753,24.848369954351934,24.841869361459274,24.848369954351934,1.0245890896303658,3.2655645118786536,1.02,0.0,179.5402453349128
-918.7392649431749,25.411881737937456,919.0325952897924,-183.77040391076895,0.2933303466174948,-158.3585221728315,1.2947561919546249,1.3204198273042074,1.3204198273042074,1.0245890896303658,3.2655645118786536,1.024499255134359,3.4703759233169107,7.384898362998923
11083.860305027672,468.1593107636222,-11048.235687669496,-0.974595950481671,35.62461735817669,467.18471481314054,15.432221631327556,15.440621462928661,15.440621462928661,1.0375977654572397,12.718813271234643,1.032779329588345,8.836932664842543,87.1366899713807
11083.860305027672,468.1593107636222,-11048.235687669496,-0.974595950481671,35.62461735817669,467.18471481314054,15.432221631327556,15.440621462928661,15.440621462928661,1.0375977654572397,12.718813271234643,1.032779329588345,8.836932664842543,87.1366899713807
-44210.30150207218,3162.8117950307346,44507.75089591613,-1986.2778487703567,297.4493938439482,1176.533946260378,62.720745270163306,62.72877946582395,62.72877946582395,1.02,0.0,1.0251330599701707,1.6631458951240243,350.8320999207156
-44210.30150207218,3162.8117950307346,44507.75089591613,-1986.2778487703567,297.4493938439482,1176.533946260378,62.720745270163306,62.72877946582395,62.72877946582395,1.02,0.0,1.0251330599701707,1.6631458951240243,314.2724422135468
-33162.937630798355,3183.923429361584,33715.33940967328,455.51310669690065,552.4017788749261,3639.4365360584848,47.14380349396195,47.15544172006256,47.15544172006256,1.02,0.0,1.0320832584763644,6.604879129597739,415.1007193667479
-33320.851332154656,2492.441157034632,33791.873456509726,1198.7704386724718,471.02212435506954,3691.2115957071037,47.28320426695994,47.28789940943259,47.28789940943259,1.02,0.0,1.0320832584763644,6.604879129597739,416.26672015345594
13600.870977650071,154.19774356029347,-13493.914634448658,702.9506060275617,106.95634320141289,857.1483495878551,19.032463592086103,19.02662141897621,19.032463592086103,1.0315232084548058,9.22189602997246,1.0250478833700767,4.720960120390029,236.72218398117045
13600.870977650071,154.19774356029347,-13493.914634448658,702.9506060275617,106.95634320141289,857.1483495878551,19.032463592086103,19.02662141897621,19.032463592086103,1.0315232084548058,9.22189602997246,1.0250478833700767,4.720960120390029,236.72218398117045
742.9912452062295,-285.25251897165566,-742.2320341911177,209.6629132791714,0.7592110151117595,-75.58960569248427,1.1136305025707602,1.0779081537010304,1.1136305025707602,1.0315232084548058,9.22189602997246,1.032779329588345,8.836932664842543,22.634766312413827
531.3720452402816,-228.33130976082742,-530.8292965051793,125.49621624986739,0.5427487351023501,-102.83509351096004,0.8092689543715726,0.7623186174040355,0.8092689543715726,1.0315232084548058,9.22189602997246,1.032779329588345,8.836932664842543,18.064039160079744
17276.289939874958,1414.2693658574044,-17216.4616263961,-96.35365121592244,59.828313478858036,1317.915714641482,24.351328384985276,24.362952015109073,24.362952015109073,1.0274425249311028,4.983151029316422,1.02,0.0,151.88872827374735
17276.289939874958,1414.2693658574044,-17216.4616263961,-96.35365121592244,59.828313478858036,1317.915714641482,24.351328384985276,24.362952015109073,24.362952015109073,1.0274425249311028,4.983151029316422,1.02,0.0,110.53970968742775
-9144.472969182885,-817.7432443474719,9150.36810179341,757.5191273569053,5.895132610525252,-60.224116990566586,12.80980000918045,12.782507506545432,12.80980000918045,1.034487602527995,7.132617414388834,1.0367762122433584,8.174038826201949,31.865174152190168
-9144.472969182885,-817.7432443474719,9150.36810179341,757.5191273569053,5.895132610525252,-60.224116990566586,12.80980000918045,12.782507506545432,12.80980000918045,1.034487602527995,7.132617414388834,1.0367762122433584,8.174038826201949,40.0306250286889
-859.9681941003748,-100.91165104420918,860.0663886131829,-26.210503693394386,0.0981945128080497,-127.12215473760357,1.2053009830997563,1.197532586215793,1.2053009830997563,1.0368975969669143,8.220658071671394,1.0371118428091965,8.342545791666623,6.80192428385867
-859.9681941003748,-100.91165104420918,860.0663886131829,-26.210503693394386,0.0981945128080497,-127.12215473760357,1.2053009830997563,1.197532586215793,1.2053009830997563,1.0368975969669143,8.220658071671394,1.0371118428091965,8.342545791666623,6.80192428385867
-6930.5195900337785,-192.56334766572786,6956.056462119917,273.3658079164659,25.53687208613883,80.80246025073802,9.696120759828155,9.685489854474136,9.696120759828155,1.0320832584763644,6.604879129597739,1.037423292402706,9.134451649952235,83.58724792955307
-9819.387898834533,2659.413712818853,9851.064342170966,-3040.811585290585,31.676443336433294,-381.3978724717317,14.22721328815771,14.386934040303444,14.386934040303444,1.0320832584763644,6.604879129597739,1.0343257577818488,6.812569299952194,89.69410249565739
-15911.680513624486,-4168.128346514748,15933.208288413427,3018.94618156701,21.527774788941315,-1149.1821649477379,23.003415624649442,22.629989977408094,23.003415624649442,1.0320832584763644,6.604879129597739,1.0343257577818488,6.812569299952194,90.56462844350175
-1181.8624269332972,195.8353887718713,1182.1469698319947,-342.0391525945022,0.28454289869750937,-146.2037638226309,1.6753800526048541,1.721146490330775,1.721146490330775,1.0320832584763644,6.604879129597739,1.032026313295598,6.679393046959427,10.730339715279145
-1204.0663533027848,157.03576131047697,1204.2714357971552,-260.5233254222246,0.20508249437034465,-103.48756411174764,1.6981561136458794,1.7232362502844767,1.7232362502844767,1.0320832584763644,6.604879129597739,1.032026313295598,6.679393046959427,10.77022656427798
-6930.5195900337785,-192.56334766572786,6956.056462119917,273.3658079164659,25.53687208613883,80.80246025073802,9.696120759828155,9.685489854474136,9.696120759828155,1.0320832584763644,6.604879129597739,1.037423292402706,9.134451649952235,83.58724792955307
8247.020398030007,112.64780488880979,-8226.87196748496,-27.80795733074524,20.148430545046722,84.83984755806455,11.473449772809744,11.47540393417486,11.47540393417486,1.0375832245613712,12.87134978001464,1.034781412951029,11.1398721923074,142.72890465391617
5368.853025618413,-68.61575592742338,-5353.690277883977,-24.072676767696976,15.16274773443638,-92.68843269512035,7.469188505759929,7.46772635023202,7.469188505759929,1.0375832245613712,12.87134978001464,1.034781412951029,11.1398721923074,92.90035454925287
5905.328448597409,338.2045308772003,-5887.425347897642,-502.3947863489541,17.903100699767492,-164.1902554717538,8.2620233139972,8.3008535883596,8.3008535883596,1.0333515497853847,7.147798321614873,1.0274425249311028,4.983151029316422,51.75095753341397
5905.328448597409,338.2045308772003,-5887.425347897642,-502.3947863489541,17.903100699767492,-164.1902554717538,8.2620233139972,8.3008535883596,8.3008535883596,1.0333515497853847,7.147798321614873,1.0274425249311028,4.983151029316422,51.75095753341397
67.66128655707584,-348.60379467662983,-67.65218783612897,281.1510171096543,0.009098720946866479,-67.45277756697556,0.4960133916755032,0.4034746165147923,0.4960133916755032,1.0333515497853847,7.147798321614873,1.034487602527995,7.132617414388834,3.092352815932065
67.66128655707584,-348.60379467662983,-67.65218783612897,281.1510171096543,0.009098720946866479,-67.45277756697556,0.4960133916755032,0.4034746165147923,0.4960133916755032,1.0333515497853847,7.147798321614873,1.034487602527995,7.132617414388834,3.092352815932065
-11607.245554001314,561.801409015439,11664.204613527774,-524.622882473026,56.959059526459896,37.17852654241301,16.231870278024083,16.24426029744697,16.24426029744697,1.0333515497853847,7.147798321614873,1.0374648801978419,8.280280217922412,101.27344325091627
-11607.245554001329,507.25739708601236,11664.204613527785,-579.6019914008532,56.95905952645626,-72.34459431484083,16.228365507591665,16.247876801032675,16.247876801032675,1.0333515497853847,7.147798321614873,1.0374648801978419,8.280280217922412,101.2959900313758
-12330.157867825365,-276.27798795874264,12349.918655601152,465.5094536446627,19.76078777578732,189.23146568592006,17.226970766642108,17.221694091451102,17.226970766642108,1.0333515497853847,7.147798321614873,1.0358000047627418,8.606698747760474,98.55246434005782
-12330.157867825357,-276.59833257742025,12349.918655601161,465.1875891586683,19.760787775803692,188.58925658124804,17.226980795903618,17.221677203277466,17.226980795903618,1.0333515497853847,7.147798321614873,1.0358000047627418,8.606698747760474,107.40012965027195
-1072.0394164352113,-282.8008175154067,1072.3365987378902,135.86481184214398,0.29718230267894796,-146.93600567326274,1.5611851811142405,1.5168709460536423,1.5611851811142405,1.0250478833700767,4.720960120390029,1.0285372450388812,5.635728246561758,10.722425694465937
-1073.2500310556295,-313.84758688092694,1073.6702150316746,89.68925752144747,0.4201839760451094,-224.15832935947947,1.574540351827289,1.5119599349919843,1.574540351827289,1.0250478833700767,4.720960120390029,1.0285372450388812,5.635728246561758,10.814150768044566
11716.488629034677,-537.0888021801273,-11696.857729677824,687.3584123467322,19.63089935685275,150.26961016660482,16.51537829350954,16.50765994711724,16.51537829350954,1.0250478833700767,4.720960120390029,1.024499255134359,3.4703759233169107,131.91196720055544
11716.488629034686,-540.5772030828124,-11696.857729677842,683.8737445829329,19.630899356843656,143.2965415001205,16.515603956085428,16.50737267326043,16.515603956085428,1.0250478833700767,4.720960120390029,1.024499255134359,3.4703759233169107,129.43263288468202
8370.47783837592,138.58843292677386,-8367.976381362869,40.51133797547152,2.5014570130515494,179.09977090224538,11.788132181996312,11.788408839451195,11.788408839451195,1.0250478833700767,4.720960120390029,1.0245890896303658,3.2655645118786536,61.52614216832565
8370.47783837592,138.58843292677386,-8367.976381362869,40.51133797547152,2.5014570130515494,179.09977090224538,11.788132181996312,11.788408839451195,11.788408839451195,1.0250478833700767,4.720960120390029,1.0245890896303658,3.2655645118786536,61.52614216832565
-15056.365318980426,1199.5969688432278,15137.820655014446,-438.0843017154116,81.45533603401964,761.5126671278163,21.266369673405947,21.274873499305762,21.274873499305762,1.0251330599701707,1.6631458951240243,1.0274425249311028,4.983151029316422,171.57156047827226
-15056.365318980426,1159.2004577791442,15137.820655014448,-478.6630318870227,81.45533603402146,680.5374258921215,21.261927916475894,21.276598849293254,21.276598849293254,1.0251330599701707,1.6631458951240243,1.0274425249311028,4.983151029316422,194.84064880305178
-25364.787531635782,853.4703218569329,25521.120374627066,1183.340765532534,156.33284299128354,2036.811087389467,35.733543149806486,35.731783386337476,35.733543149806486,1.0251330599701707,1.6631458951240243,1.032026313295598,6.679393046959427,294.8312141073143
-25361.9629195406,879.2505176951499,25520.571793581177,1156.8989424055885,158.60887404057576,2036.1494601007385,35.73080759607495,35.72932316616133,35.73080759607495,1.0251330599701707,1.6631458951240243,1.032026313295598,6.679393046959427,294.8086435319716
5738.263792149645,-212.30331021503446,-5732.409078429557,157.38731101374435,5.854713720088512,-54.915999201290106,7.989156567936785,7.982599043906273,7.989156567936785,1.037423292402706,9.134451649952235,1.0368975969669143,8.220658071671394,49.807709276413874
5738.263792149645,-212.30331021503446,-5732.409078429557,157.38731101374435,5.854713720088512,-54.915999201290106,7.989156567936785,7.982599043906273,7.989156567936785,1.037423292402706,9.134451649952235,1.0368975969669143,8.220658071671394,49.807709276413874
1681.2867768078495,81.49670722956824,-1681.0886669443628,-153.80342580072153,0.19810986348670667,-72.30671857115328,2.3426380816111005,2.350147069746297,2.350147069746297,1.0371118428091965,8.342545791666623,1.0367762122433584,8.174038826201949,13.143999271511728
1681.2867768078495,81.49670722956824,-1681.0886669443628,-153.80342580072153,0.19810986348670667,-72.30671857115328,2.3426380816111005,2.350147069746297,2.350147069746297,1.0371118428091965,8.342545791666623,1.0367762122433584,8.174038826201949,13.143999271511728
18990.029533125246,-423.03688570248687,-18922.73609802933,-799.7854405116841,67.2934350959149,-1222.822326214171,26.54637456880394,26.57852386882708,26.57852386882708,1.032779329588345,8.836932664842543,1.0285372450388812,5.635728246561758,95.05909824330143
25148.133960660678,253.44408380641107,-25032.47228521119,695.9132780569007,115.66167544948621,949.3573618633118,35.14792273944931,35.14235510078044,35.14792273944931,1.032779329588345,8.836932664842543,1.0285372450388812,5.635728246561758,151.49966698038494
11201.26257352236,201.16706731344152,-11166.975890237612,141.88187241789205,34.28668328474669,343.0489397313336,15.626717704514165,15.626834303946762,15.626834303946762,1.034781412951029,11.1398721923074,1.0315232084548058,9.22189602997246,128.9342764352043
11201.262573522366,117.68963755606546,-11166.975890237618,58.92930391742357,34.286683284748506,176.61894147348903,15.625060594232224,15.625790708988724,15.625790708988724,1.034781412951029,11.1398721923074,1.0315232084548058,9.22189602997246,128.92566591574857
4897.112919436177,119.67080318320637,-4882.027326931436,-330.3075165770541,15.085592504741726,-210.63671339384774,6.851069348923719,6.874067501907512,6.874067501907512,1.032026313295598,6.679393046959427,1.0274425249311028,4.983151029316422,59.25920260265097
4897.112919436172,165.10704404979725,-4882.0273269314375,-285.2739933336327,15.08559250473445,-120.16694928383544,6.852916229970516,6.870086914585666,6.870086914585666,1.032026313295598,6.679393046959427,1.0274425249311028,4.983151029316422,59.22488719470401
-5594.286968656514,-1212.8265060253757,5598.529002539244,1084.8283184311547,4.242033882730539,-127.99818759422101,8.005840197999607,7.95668002199507,8.005840197999607,1.032026313295598,6.679393046959427,1.034487602527995,7.132617414388834,42.314165951372125
-5589.478938601531,-1258.248928511659,5593.381929331511,1122.1105631935818,3.902990729980047,-136.13836531807715,8.01297993786047,7.9596979188388,8.01297993786047,1.032026313295598,6.679393046959427,1.034487602527995,7.132617414388834,42.351902419981336
-20880.894267548993,347.8635777637169,20910.071285242484,-229.96287081519586,29.177017693491507,117.90070694852102,29.207740603513738,29.20875607100539,29.20875607100539,1.032026313295598,6.679393046959427,1.0333515497853847,7.147798321614873,182.09947675190395
-20880.894267548993,347.8635777637169,20910.071285242484,-229.96287081519586,29.177017693491507,117.90070694852102,29.207740603513738,29.20875607100539,29.20875607100539,1.032026313295598,6.679393046959427,1.0333515497853847,7.147798321614873,182.09947675190395
1022.921762913431,39.902052714480426,-1022.7344410116337,-152.01393457742304,0.18732190179730424,-112.11188186294262,1.4370728542348912,1.452545633368915,1.452545633368915,1.0281895319100782,5.315024516983811,1.0274425249311028,4.983151029316422,9.76173140704916
871.5978069355511,-156.69406330426045,-870.2224133156367,99.69783673409924,1.3753936199144619,-56.99622657016121,1.243167150981034,1.2305059006945929,1.243167150981034,1.0281895319100782,5.315024516983811,1.0274425249311028,4.983151029316422,34.53242086058428
6186.200675890088,145.20831429748415,-6181.7183648773,-223.9620477597765,4.482311012788159,-78.75373346229236,8.683663247486882,8.68992241001409,8.68992241001409,1.0285372450388812,5.635728246561758,1.0274425249311028,4.983151029316422,54.31201506258806
18670.969479291467,30.646631192897985,-18651.196985432474,13.16368160125512,19.772493858992675,43.810312794153106,26.201539682372744,26.20165123825658,26.20165123825658,1.0285372450388812,5.635728246561758,1.0274425249311028,4.983151029316422,81.88016011955182
7096.789184587094,-318.52059872220843,-7093.395405676161,37.02312414706296,3.3937789109322694,-281.4974745751455,9.969152736323428,9.957866235710359,9.969152736323428,1.0285372450388812,5.635728246561758,1.0281895319100782,5.315024516983811,34.51922692632766
7100.070791436943,-244.10160371833433,-7096.853234450597,48.03993167692147,3.217556986346608,-196.06167204141286,9.969618800607341,9.962812963259518,9.969618800607341,1.0285372450388812,5.635728246561758,1.0281895319100782,5.315024516983811,34.52084072232459
10583.784639282747,99.61514855939595,-10568.214762472602,-409.69599895407487,15.569876810144706,-310.0808503946789,14.701706229898038,14.712215643417498,14.712215643417498,1.0391347551631676,12.737856891243725,1.0375977654572397,12.718813271234643,116.76361621759919
10583.784639282876,-21.14979966259807,-10568.214762472464,-530.1039632340812,15.569876810412097,-551.2537628966793,14.701084437684813,14.719655652547065,14.719655652547065,1.0391347551631676,12.737856891243725,1.0375977654572397,12.718813271234643,101.93667349409326
400.7075311570549,-3.5894743148534474,-400.5365076846692,-111.41967777493578,0.17102347238574112,-115.00915208978923,0.5566118390492735,0.5799061485985201,0.5799061485985201,1.0391347551631676,12.737856891243725,1.034781412951029,11.1398721923074,10.582228989024088
400.7075311570549,-3.5894743148534474,-400.5365076846692,-111.41967777493578,0.17102347238574112,-115.00915208978923,0.5566118390492735,0.5799061485985201,0.5799061485985201,1.0391347551631676,12.737856891243725,1.034781412951029,11.1398721923074,10.582228989024088
