name,bus0,bus1,r (pu),r,x (pu),x,b (pu),b (Siemens),c (Farad),c,s_nom,max i
0,Bramford,Kemsley,0.00035,0.56,0.0023,3.68,0.2249,0.000140563,4.47E-07,447.4243338,2780,4.01
1,Bramford,Kemsley,0.00035,0.56,0.0023,3.68,0.2249,0.000140563,4.47E-07,447.4243338,2780,4.01
2,Bramford,Walpole,0.00178,2.848,0.0213,34.08,0.6682,0.000417625,1.33E-06,1329.341662,1590,2.29
3,Bramford,Walpole,0.00132,2.112,0.0143,22.88,0.3656,0.0002285,7.27E-07,727.3380899,1590,2.29
4,Bramley,Lovedean,0.00068,1.088,0.007,11.2,0.2388,0.00014925,4.75E-07,475.0775051,2210,3.19
5,Bramley,London,0.00104,1.664,0.0091,14.56,0.2918,0.000182375,5.81E-07,580.5176549,1390,2.01
6,Bramley,London,0.00104,1.664,0.0091,14.56,0.2918,0.000182375,5.81E-07,580.5176549,1390,2.01
7,Bramley,Lovedean,0.00068,1.088,0.007,11.2,0.2388,0.00014925,4.75E-07,475.0775051,2210,3.19
8,Daines,Feckenham,0.00049,0.784,0.007,11.2,0.1943,0.000121438,3.87E-07,386.547568,2400,3.46
9,Daines,Feckenham,0.00084,1.344,0.007,11.2,0.7759,0.000484938,1.54E-06,1543.604004,2400,3.46
10,Daines,Thornton/Drax/Eggborough,0.00137,2.192,0.023,36.8,0.6643,0.000415188,1.32E-06,1321.582859,1240,1.79
11,Daines,Thornton/Drax/Eggborough,0.00164,2.624,0.023,36.8,0.1104,0.000069,2.20E-07,219.6338215,955,1.38
12,Daines,Th. Marsh/Stocksbridge,0.00107,1.712,0.01163,18.608,1.1745,0.000734063,2.34E-06,2336.593508,1040,1.5
13,Daines,Th. Marsh/Stocksbridge,0.00082,1.312,0.01201,19.216,1.2125,0.000757813,2.41E-06,2412.192106,1040,1.5
14,Deeside,Daines,0.00096,1.536,0.01078,17.248,0.385,0.000240625,7.66E-07,765.9331636,3100,4.47
15,Deeside,Feckenham,0.00074,1.184,0.009,14.4,0.2911,0.000181938,5.79E-07,579.1250492,2400,3.46
16,Deeside,Feckenham,0.00097,1.552,0.009,14.4,0.3835,0.000239688,7.63E-07,762.9490084,2400,3.46
17,Deeside,Daines,0.00096,1.536,0.01078,17.248,0.385,0.000240625,7.66E-07,765.9331636,3100,4.47
18,Eccles,Stella West,0.00083,1.328,0.0175,28,0.6624,0.000414,1.32E-06,1317.802929,3070,4.43
19,Eccles,Stella West,0.00083,1.328,0.0175,28,0.6624,0.000414,1.32E-06,1317.802929,3070,4.43
20,Feckenham,Ratcliffe,0.00042,0.672,0.0018,2.88,0.2349,0.000146813,4.67E-07,467.3187017,3100,4.47
21,Feckenham,Ratcliffe,0.00042,0.672,0.0018,2.88,0.2349,0.000146813,4.67E-07,467.3187017,3460,4.99
22,Feckenham,Melksham,0.00138,2.208,0.0096,15.36,0.4829,0.000301813,9.61E-07,960.6990252,1970,2.84
23,Feckenham,Melksham,0.00117,1.872,0.0096,15.36,0.4122,0.000257625,8.20E-07,820.0458443,1970,2.84
24,Harker,Penwortham,0.00164,2.624,0.0163,26.08,0.4868,0.00030425,9.68E-07,968.4578287,1390,2.01
25,Harker,Penwortham,0.00164,2.624,0.0163,26.08,0.4868,0.00030425,9.68E-07,968.4578287,1390,2.01
26,Harker,Stella West,0.00352,5.632,0.02453,39.248,0.1898,0.000118625,3.78E-07,377.5951025,855,1.23
27,Harker,Stella West,0.00492,7.872,0.0343,54.88,0.2502,0.000156375,4.98E-07,497.7570845,775,1.12
28,Keadby,Feckenham,0.00056,0.896,0.0141,22.56,0.4496,0.000281,8.94E-07,894.4507802,2780,4.01
29,Keadby,Feckenham,0.00056,0.896,0.0141,22.56,0.4496,0.000281,8.94E-07,894.4507802,3820,5.51
30,London,Kemsley,0.0002,0.32,0.0057,9.12,0.532,0.0003325,1.06E-06,1058.380372,6960,10.05
31,London,Kemsley,0.0002,0.32,0.0057,9.12,0.532,0.0003325,1.06E-06,1058.380372,5540,8
32,Lovedean,Sellindge,0.00038,0.608,0.00711,11.376,0.2998,0.000187375,5.96E-07,596.4331492,3070,4.43
33,Lovedean,Sellindge,0.00038,0.608,0.00711,11.376,0.2998,0.000187375,5.96E-07,596.4331492,3070,4.43
34,Melksham,S.W.Penisula,0.00151,2.416,0.0182,29.12,0.53,0.00033125,1.05E-06,1054.401498,2010,2.9
35,Melksham,Bramley,0.00086,1.376,0.0008,1.28,0.9622,0.000601375,1.91E-06,1914.236078,2780,4.01
36,Melksham,Bramley,0.00023,0.368,0.0007,1.12,2.8447,0.001777938,5.66E-06,5659.350833,4400,6.35
37,Melksham,Sundon/East Claydon,0.00055,0.88,0.003,4.8,0.3468,0.00021675,6.90E-07,689.9366783,2780,4.01
38,Melksham,Sundon/East Claydon,0.00039,0.624,0.003,4.8,0.2466,0.000154125,4.91E-07,490.5951121,2770,4
39,Melksham,S.W.Penisula,0.00151,2.416,0.0182,29.12,0.53,0.00033125,1.05E-06,1054.401498,2010,2.9
40,Neilston,Strathaven,0.00085,1.36,0.01051,16.816,0.38254,0.000239088,7.61E-07,761.0391491,1390,2.01
41,Neilston,Strathaven,0.00151,2.416,0.01613,25.808,0.59296,0.0003706,1.18E-06,1179.656438,1390,2.01
42,Pelham,Keadby,0.00145,2.32,0.01824,29.184,0.9169,0.000573063,1.82E-06,1824.114592,2780,4.01
43,Pelham,Keadby,0.00145,2.32,0.01824,29.184,0.9169,0.000573063,1.82E-06,1824.114592,2780,4.01
44,Pelham,London,0.00025,0.4,0.01,16,0.1586,0.000099125,3.16E-07,315.5246747,2780,4.01
45,Pelham,London,0.00025,0.4,0.01,16,0.1586,0.000099125,3.16E-07,315.5246747,2780,4.01
46,Pelham,Bramford,0.0012,1.92,0.0048,7.68,0.4446,0.000277875,8.85E-07,884.5035962,2780,4.01
47,Pelham,Bramford,0.0012,1.92,0.0048,7.68,0.7,0.0004375,1.39E-06,1392.605752,2780,4.01
48,Pelham,Walpole,0.00037,0.592,0.0059,9.44,0.294,0.00018375,5.85E-07,584.8944159,3030,4.37
49,Pelham,Walpole,0.00037,0.592,0.0059,9.44,0.2955,0.000184688,5.88E-07,587.878571,2780,4.01
50,Penwortham,Thornton/Drax/Eggborough,0.0007,1.12,0.042,67.2,0.3907,0.000244188,7.77E-07,777.2729533,2520,3.64
51,Penwortham,Thornton/Drax/Eggborough,0.00099,1.584,0.042,67.2,0.5738,0.000358625,1.14E-06,1141.538829,2520,3.64
52,Penwortham,Daines,0.0004,0.64,0.0052,8.32,0.2498,0.000156125,4.97E-07,496.9613098,2170,3.13
53,Penwortham,Daines,0.0004,0.64,0.0052,8.32,0.2664,0.0001665,5.30E-07,529.9859605,2210,3.19
54,Penwortham,Deeside,0.0001,0.16,0.0085,13.6,0.0798,0.000049875,1.59E-07,158.7570557,3320,4.79
55,Penwortham,Deeside,0.0001,0.16,0.0085,13.6,0.0798,0.000049875,1.59E-07,158.7570557,3320,4.79
56,Ratcliffe,Keadby,0.001,1.6,0.01072,17.152,0.2651,0.000165688,5.27E-07,527.3996927,2150,3.1
57,Ratcliffe,Keadby,0.001,1.6,0.01072,17.152,0.4573,0.000285813,9.10E-07,909.7694434,1890,2.73
58,Ratcliffe,Sundon/East Claydon,0.00068,1.088,0.0097,15.52,0.4566,0.000285375,9.08E-07,908.3768377,2100,3.03
59,Ratcliffe,Sundon/East Claydon,0.00069,1.104,0.0097,15.52,0.4574,0.000285875,9.10E-07,909.9683871,2100,3.03
60,S.W.Penisula,Lovedean,0.00051,0.816,0.00796,12.736,0.34,0.0002125,6.76E-07,676.4085081,2780,4.01
61,S.W.Penisula,Lovedean,0.00051,0.816,0.00796,12.736,0.34,0.0002125,6.76E-07,676.4085081,2780,4.01
62,Sellindge,Kemsley,0.0002,0.32,0.00503,8.048,0.1797,0.000112313,3.58E-07,357.5017909,3100,4.47
63,Sellindge,Kemsley,0.0002,0.32,0.00503,8.048,0.1797,0.000112313,3.58E-07,357.5017909,3100,4.47
64,Stella West,Thornton/Drax/Eggborough,0.00053,0.848,0.00835,13.36,5.373,0.003358125,1.07E-05,10689.24387,4840,6.99
65,Stella West,Thornton/Drax/Eggborough,0.00052,0.832,0.0063,10.08,1.0636,0.00066475,2.12E-06,2115.964968,4020,5.8
66,Strathaven,Harker,0.00078,1.248,0.00852,13.632,0.0737,4.61E-05,1.47E-07,146.6214913,2100,3.03
67,Strathaven,Harker,0.00078,1.248,0.00852,13.632,0.4635,0.000289688,9.22E-07,922.1039515,2100,3.03
68,Sundon/East Claydon,Keadby,0.00178,2.848,0.0172,27.52,0.8403,0.000525188,1.67E-06,1671.723734,2010,2.9
69,Sundon/East Claydon,Keadby,0.00178,2.848,0.0172,27.52,0.627,0.000391875,1.25E-06,1247.376866,2010,2.9
70,Sundon/East Claydon,London,0.00037,0.592,0.0041,6.56,0.4098,0.000256125,8.15E-07,815.271196,3275,4.73
71,Sundon/East Claydon,London,0.00034,0.544,0.0041,6.56,0.429,0.000268125,8.53E-07,853.4683823,3275,4.73
72,Sundon/East Claydon,Pelham,0.00019,0.304,0.00111,1.776,0.1232,0.000077,2.45E-07,245.0986124,2780,4.01
73,Sundon/East Claydon,Pelham,0.00019,0.304,0.00111,1.776,0.1232,0.000077,2.45E-07,245.0986124,2780,4.01
74,Th. Marsh/Stocksbridge,Keadby,0.0005,0.8,0.016,25.6,0.2795,0.000174688,5.56E-07,556.0475824,2580,3.72
75,Th. Marsh/Stocksbridge,Keadby,0.005,8,0.018,28.8,0.1466,0.000091625,2.92E-07,291.6514332,625,0.9
76,Thornton/Drax/Eggborough,Keadby,0.00033,0.528,0.0052,8.32,0.3534,0.000220875,7.03E-07,703.0669611,2770,4
77,Thornton/Drax/Eggborough,Keadby,0.00016,0.256,0.00172,2.752,0.3992,0.0002495,7.94E-07,794.183166,5540,8
78,Thornton/Drax/Eggborough,Th. Marsh/Stocksbridge,0.00019,0.304,0.00222,3.552,0.7592,0.0004745,1.51E-06,1510.38041,5000,7.22
79,Thornton/Drax/Eggborough,Th. Marsh/Stocksbridge,0.00018,0.288,0.00222,3.552,0.5573,0.000348313,1.11E-06,1108.713122,5000,7.22
80,Torness,Eccles,0.0004,0.64,0.0001,0.16,0.728,0.000455,1.45E-06,1448.309982,2180,3.15
81,Torness,Eccles,0.0004,0.64,0.0001,0.16,1.2872,0.0008045,2.56E-06,2560.803034,2500,3.61
82,Torness,Strathaven,0.003,4.8,0.2,320,0.2939,0.000183688,5.85E-07,584.6954722,950,1.37
83,Torness,Strathaven,0.003,4.8,0.2,320,0.2939,0.000183688,5.85E-07,584.6954722,950,1.37
